1.000,1.001,1.002,1.003,1.004,1.005,1.006,1.007,1.008,1.009
1.010,1.011,1.012,1.013,1.014,1.015,1.016,1.017,1.018,1.019
1.020,1.021,1.022,1.023,1.024,1.025,1.026,1.027,1.028,1.029
1.030,1.031,1.032,1.033,1.034,1.035,1.036,1.037,1.038,1.039
1.040,1.041,1.042,1.043,1.044,1.045,1.046,1.047,1.048,1.049
1.050,1.051,1.052,1.053,1.054,1.055,1.056,1.057,1.058,1.059
1.060,1.061,1.062,1.063,1.064,1.065,1.066,1.067,1.068,1.069
1.070,1.071,1.072,1.073,1.074,1.075,1.076,1.077,1.078,1.079
1.080,1.081,1.082,1.083,1.084,1.085,1.086,1.087,1.088,1.089
1.090,1.091,1.092,1.093,1.094,1.095,1.096,1.097,1.098,1.099
1.100,1.101,1.102,1.103,1.104,1.105,1.106,1.107,1.108,1.109
1.110,1.111,1.112,1.113,1.114,1.115,1.116,1.117,1.118,1.119
1.120,1.121,1.122,1.123,1.124,1.125,1.126,1.127,1.128,1.129
1.130,1.131,1.132,1.133,1.134,1.135,1.136,1.137,1.138,1.139
1.140,1.141,1.142,1.143,1.144,1.145,1.146,1.147,1.148,1.149
1.150,1.151,1.152,1.153,1.154,1.155,1.156,1.157,1.158,1.159
1.160,1.161,1.162,1.163,1.164,1.165,1.166,1.167,1.168,1.169
1.170,1.171,1.172,1.173,1.174,1.175,1.176,1.177,1.178,1.179
1.180,1.181,1.182,1.183,1.184,1.185,1.186,1.187,1.188,1.189
1.190,1.191,1.192,1.193,1.194,1.195,1.196,1.197,1.198,1.199
1.200,1.201,1.202,1.203,1.204,1.205,1.206,1.207,1.208,1.209
1.210,1.211,1.212,1.213,1.214,1.215,1.216,1.217,1.218,1.219
1.220,1.221,1.222,1.223,1.224,1.225,1.226,1.227,1.228,1.229
1.230,1.231,1.232,1.233,1.234,1.235,1.236,1.237,1.238,1.239
1.240,1.241,1.242,1.243,1.244,1.245,1.246,1.247,1.248,1.249
1.250,1.251,1.252,1.253,1.254,1.255,1.256,1.257,1.258,1.259
1.260,1.261,1.262,1.263,1.264,1.265,1.266,1.267,1.268,1.269
1.270,1.271,1.272,1.273,1.274,1.275,1.276,1.277,1.278,1.279
1.280,1.281,1.282,1.283,1.284,1.285,1.286,1.287,1.288,1.289
1.290,1.291,1.292,1.293,1.294,1.295,1.296,1.297,1.298,1.299
1.300,1.301,1.302,1.303,1.304,1.305,1.306,1.307,1.308,1.309
1.310,1.311,1.312,1.313,1.314,1.315,1.316,1.317,1.318,1.319
1.320,1.321,1.322,1.323,1.324,1.325,1.326,1.327,1.328,1.329
1.330,1.331,1.332,1.333,1.334,1.335,1.336,1.337,1.338,1.339
1.340,1.341,1.342,1.343,1.344,1.345,1.346,1.347,1.348,1.349
1.350,1.351,1.352,1.353,1.354,1.355,1.356,1.357,1.358,1.359
1.360,1.361,1.362,1.363,1.364,1.365,1.366,1.367,1.368,1.369
1.370,1.371,1.372,1.373,1.374,1.375,1.376,1.377,1.378,1.379
1.380,1.381,1.382,1.383,1.384,1.385,1.386,1.387,1.388,1.389
1.390,1.391,1.392,1.393,1.394,1.395,1.396,1.397,1.398,1.399
1.400,1.401,1.402,1.403,1.404,1.405,1.406,1.407,1.408,1.409
1.410,1.411,1.412,1.413,1.414,1.415,1.416,1.417,1.418,1.419
1.420,1.421,1.422,1.423,1.424,1.425,1.426,1.427,1.428,1.429
1.430,1.431,1.432,1.433,1.434,1.435,1.436,1.437,1.438,1.439
1.440,1.441,1.442,1.443,1.444,1.445,1.446,1.447,1.448,1.449
1.450,1.451,1.452,1.453,1.454,1.455,1.456,1.457,1.458,1.459
1.460,1.461,1.462,1.463,1.464,1.465,1.466,1.467,1.468,1.469
1.470,1.471,1.472,1.473,1.474,1.475,1.476,1.477,1.478,1.479
1.480,1.481,1.482,1.483,1.484,1.485,1.486,1.487,1.488,1.489
1.490,1.491,1.492,1.493,1.494,1.495,1.496,1.497,1.498,1.499
1.500,1.510,,,,,,,,
,,1.520,1.530,,,,,,
,,,,1.540,1.550,,,,
,,,,,,1.560,1.570,,
,,,,,,,,1.580,1.590
1.600,1.610,,,,,,,,
,,1.620,1.630,,,,,,
,,,,1.640,1.650,,,,
,,,,,,1.660,1.670,,
,,,,,,,,1.680,1.690
1.700,1.710,,,,,,,,
,,1.720,1.730,,,,,,
,,,,1.740,1.750,,,,
,,,,,,1.760,1.770,,
,,,,,,,,1.780,1.790
1.800,1.810,,,,,,,,
,,1.820,1.830,,,,,,
,,,,1.840,1.850,,,,
,,,,,,1.860,1.870,,
,,,,,,,,1.880,1.890
1.900,1.910,,,,,,,,
,,1.920,1.930,,,,,,
,,,,1.940,1.950,,,,
,,,,,,1.960,1.970,,
,,,,,,,,1.980,1.990
2.000,2.010,,,,,,,,
,,2.020,2.030,,,,,,
,,,,2.040,2.050,,,,
,,,,,,2.060,2.070,,
,,,,,,,,2.080,2.090
2.100,2.110,,,,,,,,
,,2.120,2.130,,,,,,
,,,,2.140,2.150,,,,
,,,,,,2.160,2.170,,
,,,,,,,,2.180,2.190
2.200,2.210,,,,,,,,
,,2.220,2.230,,,,,,
,,,,2.240,2.250,,,,
,,,,,,2.260,2.270,,
,,,,,,,,2.280,2.290
2.300,2.310,,,,,,,,
,,2.320,2.330,,,,,,
,,,,2.340,2.350,,,,
,,,,,,2.360,2.370,,
,,,,,,,,2.380,2.390
2.400,2.410,,,,,,,,
,,2.420,2.430,,,,,,
,,,,2.440,2.450,,,,
,,,,,,2.460,2.470,,
,,,,,,,,2.480,2.490
2.500,2.510,,,,,,,,
,,2.520,2.530,2.540,,,,,
,,,,,2.550,2.560,2.570,,
2.600,,,,,,,,2.580,2.590
,2.610,2.620,2.630,,,,,,
,,,,2.640,2.650,2.660,,,
,,,,,,,2.670,2.680,2.690
2.700,2.710,2.720,,,,,,,
,,,2.730,2.740,2.750,,,,
,,,,,,2.760,2.770,2.780,
2.800,2.810,,,,,,,,2.790
,,2.820,2.830,2.840,,,,,
,,,,,2.850,2.860,2.870,,
2.900,,,,,,,,2.880,2.890
,2.910,2.920,2.930,,,,,,
,,,,2.940,2.950,2.960,,,
,,,,,,,2.970,2.980,2.990
3.000,3.010,3.020,,,,,,,
,,,3.030,3.040,3.050,,,,
,,,,,,3.060,3.070,3.080,
3.100,3.110,,,,,,,,3.090
,,3.120,3.130,3.140,,,,,
,,,,,3.150,3.160,3.170,,
3.200,,,,,,,,3.180,3.190
,3.210,3.220,3.230,,,,,,
,,,,3.240,3.250,3.260,,,
,,,,,,,3.270,3.280,3.290
3.300,3.310,3.320,,,,,,,
,,,3.330,3.340,3.350,,,,
,,,,,,3.360,3.370,3.380,
3.400,3.410,,,,,,,,3.390
,,3.420,3.430,3.440,,,,,
,,,,,3.450,3.460,3.470,,
3.500,3.510,,,,,,,3.480,3.490
,,3.520,3.530,3.540,3.550,,,,
,,,,,,3.560,3.570,3.580,3.590
3.600,3.610,3.620,3.630,,,,,,
,,,,3.640,3.650,3.660,3.670,,
3.700,3.710,,,,,,,3.680,3.690
,,3.720,3.730,3.740,3.750,,,,
,,,,,,3.760,3.770,3.780,3.790
3.800,3.810,3.820,3.830,,,,,,
,,,,3.840,3.850,3.860,3.870,,
3.900,3.910,,,,,,,3.880,3.890
,,3.920,3.930,3.940,3.950,,,,
,,,,,,3.960,3.970,3.980,3.990
4.000,4.010,4.020,4.030,,,,,,
,,,,4.040,4.050,4.060,4.070,,
4.100,4.110,,,,,,,4.080,4.090
,,4.120,4.130,4.140,4.150,,,,
,,,,,,4.160,4.170,4.180,4.190
4.200,4.210,4.220,4.230,,,,,,
,,,,4.240,4.250,4.260,4.270,,
4.300,4.310,,,,,,,4.280,4.290
,,4.320,4.330,4.340,4.350,,,,
,,,,,,4.360,4.370,4.380,4.390
4.400,4.410,4.420,4.430,,,,,,
,,,,4.440,4.450,4.460,4.470,,
4.500,4.510,,,,,,,4.480,4.490
,,4.520,4.530,4.540,4.550,4.560,,,
4.600,4.610,,,,,,4.570,4.580,4.590
,,4.620,4.630,4.640,4.650,4.660,,,
4.700,4.710,,,,,,4.670,4.680,4.690
,,4.720,4.730,4.740,4.750,4.760,,,
4.800,4.810,,,,,,4.770,4.780,4.790
,,4.820,4.830,4.840,4.850,4.860,,,
4.900,4.910,,,,,,4.870,4.880,4.890
,,4.920,4.930,4.940,4.950,4.960,,,
5.000,5.010,,,,,,4.970,4.980,4.990
,,5.020,5.030,5.040,5.050,5.060,,,
5.100,5.110,,,,,,5.070,5.080,5.090
,,5.120,5.130,5.140,5.150,5.160,,,
5.200,5.210,,,,,,5.170,5.180,5.190
,,5.220,5.230,5.240,5.250,5.260,,,
5.300,5.310,,,,,,5.270,5.280,5.290
,,5.320,5.330,5.340,5.350,5.360,,,
5.400,5.410,,,,,,5.370,5.380,5.390
,,5.420,5.430,5.440,5.450,5.460,,,
5.500,5.510,5.520,,,,,5.470,5.480,5.490
,,,5.530,5.540,5.550,5.560,5.570,5.580,
5.600,5.610,5.620,5.630,5.640,,,,,5.590
5.700,,,,,5.650,5.660,5.670,5.680,5.690
,5.710,5.720,5.730,5.740,5.750,5.760,,,
5.800,5.810,5.820,,,,,5.770,5.780,5.790
,,,5.830,5.840,5.850,5.860,5.870,5.880,
5.900,5.910,5.920,5.930,5.940,,,,,5.890
6.000,,,,,5.950,5.960,5.970,5.980,5.990
,6.010,6.020,6.030,6.040,6.050,6.060,,,
6.100,6.110,6.120,,,,,6.070,6.080,6.090
,,,6.130,6.140,6.150,6.160,6.170,6.180,
6.200,6.210,6.220,6.230,6.240,,,,,6.190
6.300,,,,,6.250,6.260,6.270,6.280,6.290
,6.310,6.320,6.330,6.340,6.350,6.360,,,
6.400,6.410,6.420,,,,,6.370,6.380,6.390
,,,6.430,6.440,6.450,6.460,6.470,6.480,
6.500,6.510,6.520,6.530,6.540,6.550,,,,6.490
6.600,6.610,6.620,,,,6.560,6.570,6.580,6.590
,,,6.630,6.640,6.650,6.660,6.670,6.680,6.690
6.700,6.710,6.720,6.730,6.740,6.750,6.760,,,
6.800,6.810,6.820,6.830,,,,6.770,6.780,6.790
6.900,,,,6.840,6.850,6.860,6.870,6.880,6.890
,6.910,6.920,6.930,6.940,6.950,6.960,6.970,,
7.000,7.010,7.020,7.030,7.040,,,,6.980,6.990
7.100,7.110,,,,7.050,7.060,7.070,7.080,7.090
,,7.120,7.130,7.140,7.150,7.160,7.170,7.180,
7.200,7.210,7.220,7.230,7.240,7.250,,,,7.190
7.300,7.310,7.320,,,,7.260,7.270,7.280,7.290
,,,7.330,7.340,7.350,7.360,7.370,7.380,7.390
7.400,7.410,7.420,7.430,7.440,7.450,7.460,,,
7.500,7.510,7.520,7.530,7.540,,,7.470,7.480,7.490
7.600,7.610,7.620,,,7.550,7.560,7.570,7.580,7.590
7.700,,,7.630,7.640,7.650,7.660,7.670,7.680,7.690
,7.710,7.720,7.730,7.740,7.750,7.760,7.770,7.780,
7.800,7.810,7.820,7.830,7.840,7.850,7.860,,,7.790
7.900,7.910,7.920,7.930,7.940,,,7.870,7.880,7.890
8.000,8.010,8.020,,,7.950,7.960,7.970,7.980,7.990
8.100,,,8.030,8.040,8.050,8.060,8.070,8.080,8.090
,8.110,8.120,8.130,8.140,8.150,8.160,8.170,8.180,
8.200,8.210,8.220,8.230,8.240,8.250,8.260,,,8.190
8.300,8.310,8.320,8.330,8.340,,,8.270,8.280,8.290
8.400,8.410,8.420,,,8.350,8.360,8.370,8.380,8.390
8.500,,,8.430,8.440,8.450,8.460,8.470,8.480,8.490
,8.510,8.520,8.530,8.540,8.550,8.560,8.570,8.580,8.590
8.600,8.610,8.620,8.630,8.640,8.650,8.660,8.670,8.680,
8.700,8.710,8.720,8.730,8.740,8.750,8.760,8.770,,8.690
8.800,8.810,8.820,8.830,8.840,8.850,8.860,,8.780,8.790
8.900,8.910,8.920,8.930,8.940,8.950,,8.870,8.880,8.890
9.000,9.010,9.020,9.030,9.040,,8.960,8.970,8.980,8.990
9.100,9.110,9.120,9.130,,9.050,9.060,9.070,9.080,9.090
9.200,9.210,9.220,,9.140,9.150,9.160,9.170,9.180,9.190
9.300,9.310,,9.230,9.240,9.250,9.260,9.270,9.280,9.290
9.400,,9.320,9.330,9.340,9.350,9.360,9.370,9.380,9.390
,9.410,9.420,9.430,9.440,9.450,9.460,9.470,9.480,9.490
9.500,9.510,9.520,9.530,9.540,9.550,9.560,9.570,9.580,9.590
9.600,9.610,9.620,9.630,9.640,9.650,9.660,9.670,9.680,9.690
9.700,9.710,9.720,9.730,9.740,9.750,9.760,9.770,9.780,9.790
9.800,9.810,9.820,9.830,9.840,9.850,9.860,9.870,9.880,9.890
9.900,9.910,9.920,9.930,9.940,9.950,9.960,9.970,9.980,9.990
